{
    "presion_in_A": {
        "mean": 16.803397723105036,
        "std": 0.11447841138866484
    },
    "temperatura_in_A": {
        "mean": 9.315172939687988,
        "std": 5.072223684648001
    },
    "caudal_bruto_A": {
        "mean": 147.9957421394754,
        "std": 73.61528143084948
    },
    "caudal_nominal_A": {
        "mean": 2477.658920637573,
        "std": 1248.0404957814271
    }
}