{"inestabilidad_z_mean": 0.8029244811631429, "inestabilidad_z_std": 0.39176230610414575}