{"inestabilidad_z_mean": 0.8176421403457922, "inestabilidad_z_std": 0.327914959611033}